cantNod,Res,Tiempo,Tipo, Iteraciones
5,4,0.006393,HeurNipoRandom
5,4,0.004912,HeurNipoRandom
5,4,0.004217,HeurNipoRandom
5,4,0.004522,HeurNipoRandom
5,4,0.00391,HeurNipoRandom
5,3,0.003216,HeurNipoRandom
5,3,0.003248,HeurNipoRandom
5,3,0.0032,HeurNipoRandom
5,3,0.003161,HeurNipoRandom
5,4,0.004484,HeurNipoRandom
5,4,0.003871,HeurNipoRandom
5,4,0.004444,HeurNipoRandom
5,3,0.003253,HeurNipoRandom
5,3,0.003899,HeurNipoRandom
5,3,0.003135,HeurNipoRandom
5,3,0.003814,HeurNipoRandom
5,4,0.003844,HeurNipoRandom
5,4,0.003815,HeurNipoRandom
5,4,0.003959,HeurNipoRandom
5,3,0.003891,HeurNipoRandom
5,3,0.0038,HeurNipoRandom
5,3,0.003184,HeurNipoRandom
5,3,0.00375,HeurNipoRandom
5,2,0.003452,HeurNipoRandom
5,4,0.003852,HeurNipoRandom
5,3,0.003845,HeurNipoRandom
5,4,0.004582,HeurNipoRandom
5,4,0.004463,HeurNipoRandom
5,3,0.003831,HeurNipoRandom
5,4,0.003847,HeurNipoRandom
10,14,0.013838,HeurNipoRandom
10,12,0.009376,HeurNipoRandom
10,14,0.013695,HeurNipoRandom
10,13,0.014226,HeurNipoRandom
10,12,0.013428,HeurNipoRandom
10,15,0.012146,HeurNipoRandom
10,15,0.01291,HeurNipoRandom
10,13,0.013377,HeurNipoRandom
10,12,0.010284,HeurNipoRandom
10,14,0.012888,HeurNipoRandom
10,12,0.013479,HeurNipoRandom
10,12,0.010843,HeurNipoRandom
10,14,0.013509,HeurNipoRandom
10,12,0.013483,HeurNipoRandom
10,13,0.010711,HeurNipoRandom
10,11,0.010685,HeurNipoRandom
10,10,0.009835,HeurNipoRandom
10,13,0.011231,HeurNipoRandom
10,13,0.013069,HeurNipoRandom
10,14,0.010962,HeurNipoRandom
10,13,0.012835,HeurNipoRandom
10,12,0.013171,HeurNipoRandom
10,12,0.010334,HeurNipoRandom
10,14,0.014916,HeurNipoRandom
10,12,0.010479,HeurNipoRandom
10,11,0.010797,HeurNipoRandom
10,13,0.011212,HeurNipoRandom
10,12,0.010859,HeurNipoRandom
10,12,0.011372,HeurNipoRandom
10,11,0.011275,HeurNipoRandom
15,29,0.027692,HeurNipoRandom
15,30,0.028999,HeurNipoRandom
15,28,0.027418,HeurNipoRandom
15,26,0.027439,HeurNipoRandom
15,28,0.027332,HeurNipoRandom
15,27,0.029279,HeurNipoRandom
15,27,0.023979,HeurNipoRandom
15,25,0.024516,HeurNipoRandom
15,27,0.022493,HeurNipoRandom
15,28,0.02597,HeurNipoRandom
15,26,0.025478,HeurNipoRandom
15,27,0.026183,HeurNipoRandom
15,29,0.028673,HeurNipoRandom
15,25,0.01798,HeurNipoRandom
15,24,0.026536,HeurNipoRandom
15,28,0.039583,HeurNipoRandom
15,26,0.022231,HeurNipoRandom
15,24,0.022228,HeurNipoRandom
15,26,0.02476,HeurNipoRandom
15,30,0.029567,HeurNipoRandom
15,24,0.024192,HeurNipoRandom
15,29,0.031503,HeurNipoRandom
15,25,0.01808,HeurNipoRandom
15,26,0.027526,HeurNipoRandom
15,27,0.024434,HeurNipoRandom
15,27,0.027691,HeurNipoRandom
15,27,0.027127,HeurNipoRandom
15,28,0.02705,HeurNipoRandom
15,26,0.024242,HeurNipoRandom
15,28,0.024087,HeurNipoRandom
20,47,0.051126,HeurNipoRandom
20,45,0.041592,HeurNipoRandom
20,52,0.04754,HeurNipoRandom
20,47,0.049773,HeurNipoRandom
20,46,0.041253,HeurNipoRandom
20,49,0.053655,HeurNipoRandom
20,47,0.053164,HeurNipoRandom
20,53,0.052428,HeurNipoRandom
20,50,0.04526,HeurNipoRandom
20,50,0.05323,HeurNipoRandom
20,46,0.043684,HeurNipoRandom
20,49,0.050839,HeurNipoRandom
20,42,0.039799,HeurNipoRandom
20,49,0.050862,HeurNipoRandom
20,49,0.047384,HeurNipoRandom
20,49,0.051632,HeurNipoRandom
20,50,0.044224,HeurNipoRandom
20,42,0.044358,HeurNipoRandom
20,48,0.055996,HeurNipoRandom
20,50,0.054371,HeurNipoRandom
20,53,0.052442,HeurNipoRandom
20,49,0.05284,HeurNipoRandom
20,52,0.057377,HeurNipoRandom
20,51,0.04659,HeurNipoRandom
20,46,0.052959,HeurNipoRandom
20,51,0.05375,HeurNipoRandom
20,44,0.042373,HeurNipoRandom
20,47,0.058356,HeurNipoRandom
20,51,0.050078,HeurNipoRandom
20,51,0.049202,HeurNipoRandom
25,72,0.084423,HeurNipoRandom
25,75,0.089921,HeurNipoRandom
25,74,0.078145,HeurNipoRandom
25,72,0.081625,HeurNipoRandom
25,73,0.088888,HeurNipoRandom
25,76,0.09061,HeurNipoRandom
25,74,0.084387,HeurNipoRandom
25,72,0.081173,HeurNipoRandom
25,72,0.0789,HeurNipoRandom
25,77,0.086841,HeurNipoRandom
25,76,0.091933,HeurNipoRandom
25,73,0.078742,HeurNipoRandom
25,71,0.082045,HeurNipoRandom
25,74,0.085002,HeurNipoRandom
25,71,0.080229,HeurNipoRandom
25,74,0.0776,HeurNipoRandom
25,69,0.065317,HeurNipoRandom
25,69,0.073156,HeurNipoRandom
25,74,0.085237,HeurNipoRandom
25,73,0.088783,HeurNipoRandom
25,69,0.069843,HeurNipoRandom
25,70,0.065512,HeurNipoRandom
25,75,0.087454,HeurNipoRandom
25,71,0.08172,HeurNipoRandom
25,80,0.086131,HeurNipoRandom
25,70,0.084331,HeurNipoRandom
25,77,0.093186,HeurNipoRandom
25,79,0.088299,HeurNipoRandom
25,74,0.083263,HeurNipoRandom
25,81,0.088039,HeurNipoRandom
30,100,0.120462,HeurNipoRandom
30,107,0.119407,HeurNipoRandom
30,107,0.142074,HeurNipoRandom
30,101,0.100748,HeurNipoRandom
30,100,0.111008,HeurNipoRandom
30,110,0.131832,HeurNipoRandom
30,96,0.111817,HeurNipoRandom
30,102,0.125133,HeurNipoRandom
30,110,0.133242,HeurNipoRandom
30,106,0.116828,HeurNipoRandom
30,102,0.120474,HeurNipoRandom
30,101,0.123821,HeurNipoRandom
30,103,0.103788,HeurNipoRandom
30,103,0.137508,HeurNipoRandom
30,94,0.116574,HeurNipoRandom
30,102,0.123819,HeurNipoRandom
30,108,0.125613,HeurNipoRandom
30,109,0.132886,HeurNipoRandom
30,105,0.116029,HeurNipoRandom
30,105,0.124064,HeurNipoRandom
30,106,0.13457,HeurNipoRandom
30,95,0.110472,HeurNipoRandom
30,113,0.135764,HeurNipoRandom
30,112,0.127461,HeurNipoRandom
30,103,0.121026,HeurNipoRandom
30,106,0.124616,HeurNipoRandom
30,92,0.097873,HeurNipoRandom
30,100,0.107993,HeurNipoRandom
30,106,0.123807,HeurNipoRandom
30,108,7.97715,HeurNipoRandom
35,145,0.207639,HeurNipoRandom
35,150,0.181558,HeurNipoRandom
35,141,0.168491,HeurNipoRandom
35,141,0.171933,HeurNipoRandom
35,129,0.168912,HeurNipoRandom
35,145,0.185063,HeurNipoRandom
35,145,0.181788,HeurNipoRandom
35,146,0.183842,HeurNipoRandom
35,147,0.186262,HeurNipoRandom
35,146,0.182872,HeurNipoRandom
35,145,0.168346,HeurNipoRandom
35,134,0.18221,HeurNipoRandom
35,138,0.177164,HeurNipoRandom
35,152,0.192419,HeurNipoRandom
35,138,0.163597,HeurNipoRandom
35,139,0.168163,HeurNipoRandom
35,146,0.222161,HeurNipoRandom
35,146,0.179122,HeurNipoRandom
35,137,0.16802,HeurNipoRandom
35,143,0.185034,HeurNipoRandom
35,134,0.169693,HeurNipoRandom
35,142,0.166665,HeurNipoRandom
35,133,0.171817,HeurNipoRandom
35,143,10.0094,HeurNipoRandom
35,145,0.180027,HeurNipoRandom
35,149,0.203125,HeurNipoRandom
35,145,0.177247,HeurNipoRandom
35,136,0.162097,HeurNipoRandom
35,141,0.170831,HeurNipoRandom
35,140,0.17715,HeurNipoRandom
40,191,0.243907,HeurNipoRandom
40,192,0.264174,HeurNipoRandom
40,185,0.251208,HeurNipoRandom
40,180,0.272402,HeurNipoRandom
40,175,0.223344,HeurNipoRandom
40,185,0.379069,HeurNipoRandom
40,185,3.35417,HeurNipoRandom
40,174,0.217946,HeurNipoRandom
40,188,0.239889,HeurNipoRandom
40,189,0.233403,HeurNipoRandom
40,189,0.287804,HeurNipoRandom
40,180,0.255607,HeurNipoRandom
40,179,0.238504,HeurNipoRandom
40,171,0.229452,HeurNipoRandom
40,190,0.259736,HeurNipoRandom
40,196,0.267964,HeurNipoRandom
40,181,0.255995,HeurNipoRandom
40,182,1.25389,HeurNipoRandom
40,188,0.251556,HeurNipoRandom
40,191,0.262971,HeurNipoRandom
40,180,0.295257,HeurNipoRandom
40,193,0.27235,HeurNipoRandom
40,182,0.245126,HeurNipoRandom
40,181,0.259137,HeurNipoRandom
40,177,9.39984,HeurNipoRandom
40,186,0.260761,HeurNipoRandom
40,191,0.246471,HeurNipoRandom
40,183,0.276247,HeurNipoRandom
40,180,0.242126,HeurNipoRandom
40,175,0.248605,HeurNipoRandom
45,220,0.306767,HeurNipoRandom
45,232,0.343859,HeurNipoRandom
45,226,0.321947,HeurNipoRandom
45,220,5.84426,HeurNipoRandom
45,238,0.351223,HeurNipoRandom
45,226,0.321331,HeurNipoRandom
45,235,0.32713,HeurNipoRandom
45,233,0.341435,HeurNipoRandom
45,232,0.329899,HeurNipoRandom
45,236,0.329868,HeurNipoRandom
45,234,3.94194,HeurNipoRandom
45,233,0.33008,HeurNipoRandom
45,235,0.337975,HeurNipoRandom
45,229,0.340534,HeurNipoRandom
45,220,0.392036,HeurNipoRandom
45,231,0.326898,HeurNipoRandom
45,241,0.32157,HeurNipoRandom
45,230,6.25007,HeurNipoRandom
45,227,0.325068,HeurNipoRandom
45,235,0.316244,HeurNipoRandom
45,235,0.317511,HeurNipoRandom
45,240,0.310448,HeurNipoRandom
45,233,6.6995,HeurNipoRandom
45,237,0.320978,HeurNipoRandom
45,242,0.376326,HeurNipoRandom
45,233,0.314163,HeurNipoRandom
45,231,0.345916,HeurNipoRandom
45,235,0.31735,HeurNipoRandom
45,228,0.308923,HeurNipoRandom
45,239,0.333367,HeurNipoRandom
50,300,0.48756,HeurNipoRandom
50,282,0.400153,HeurNipoRandom
50,285,0.397345,HeurNipoRandom
50,276,0.426449,HeurNipoRandom
50,290,0.405368,HeurNipoRandom
50,280,0.403615,HeurNipoRandom
50,286,0.421182,HeurNipoRandom
50,284,0.448417,HeurNipoRandom
50,280,0.397144,HeurNipoRandom
50,287,0.417786,HeurNipoRandom
50,286,0.430967,HeurNipoRandom
50,275,0.433205,HeurNipoRandom
50,289,0.42853,HeurNipoRandom
50,288,0.475016,HeurNipoRandom
50,284,0.424601,HeurNipoRandom
50,288,0.436434,HeurNipoRandom
50,277,0.43115,HeurNipoRandom
50,293,0.452421,HeurNipoRandom
50,283,0.404258,HeurNipoRandom
50,282,0.448566,HeurNipoRandom
50,279,0.424983,HeurNipoRandom
50,284,0.471698,HeurNipoRandom
50,289,0.437239,HeurNipoRandom
50,294,4.46872,HeurNipoRandom
50,265,0.386486,HeurNipoRandom
50,286,0.411005,HeurNipoRandom
50,290,0.420984,HeurNipoRandom
50,273,0.424301,HeurNipoRandom
50,287,0.41289,HeurNipoRandom
50,298,0.450724,HeurNipoRandom
55,328,0.544792,HeurNipoRandom
55,342,0.551633,HeurNipoRandom
55,334,0.508367,HeurNipoRandom
55,330,0.521567,HeurNipoRandom
55,357,7.11385,HeurNipoRandom
55,347,0.537896,HeurNipoRandom
55,340,0.53708,HeurNipoRandom
55,347,0.534828,HeurNipoRandom
55,349,4.31053,HeurNipoRandom
55,350,0.544723,HeurNipoRandom
55,347,0.536249,HeurNipoRandom
55,334,0.510499,HeurNipoRandom
55,352,0.565315,HeurNipoRandom
55,348,0.573453,HeurNipoRandom
55,337,0.510454,HeurNipoRandom
55,336,0.538328,HeurNipoRandom
55,329,0.512938,HeurNipoRandom
55,342,0.556202,HeurNipoRandom
55,340,0.703157,HeurNipoRandom
55,347,0.541652,HeurNipoRandom
55,340,0.584099,HeurNipoRandom
55,357,0.592114,HeurNipoRandom
55,330,0.510154,HeurNipoRandom
55,331,0.504731,HeurNipoRandom
55,353,0.56693,HeurNipoRandom
55,361,0.552812,HeurNipoRandom
55,332,0.502638,HeurNipoRandom
55,330,0.488684,HeurNipoRandom
55,345,0.517789,HeurNipoRandom
55,346,0.52808,HeurNipoRandom
60,402,0.705102,HeurNipoRandom
60,395,0.646191,HeurNipoRandom
60,403,0.651794,HeurNipoRandom
60,411,0.732178,HeurNipoRandom
60,430,0.760722,HeurNipoRandom
60,405,0.681898,HeurNipoRandom
60,402,0.624854,HeurNipoRandom
60,385,0.655189,HeurNipoRandom
60,420,0.725525,HeurNipoRandom
60,393,0.628978,HeurNipoRandom
60,390,0.655042,HeurNipoRandom
60,408,0.662025,HeurNipoRandom
60,414,9.22405,HeurNipoRandom
60,405,0.647283,HeurNipoRandom
60,418,0.704359,HeurNipoRandom
60,396,0.680908,HeurNipoRandom
60,397,5.01356,HeurNipoRandom
60,401,0.625913,HeurNipoRandom
60,400,0.654156,HeurNipoRandom
60,411,0.645765,HeurNipoRandom
60,404,0.675347,HeurNipoRandom
60,404,0.655367,HeurNipoRandom
60,387,0.592199,HeurNipoRandom
60,410,0.733456,HeurNipoRandom
60,407,0.63519,HeurNipoRandom
60,388,0.616951,HeurNipoRandom
60,407,0.673051,HeurNipoRandom
60,419,0.684958,HeurNipoRandom
60,405,0.659235,HeurNipoRandom
60,408,0.662888,HeurNipoRandom
65,454,0.738831,HeurNipoRandom
65,480,0.832491,HeurNipoRandom
65,470,0.804066,HeurNipoRandom
65,472,1.5652,HeurNipoRandom
65,463,0.773267,HeurNipoRandom
65,484,0.841096,HeurNipoRandom
65,462,0.760911,HeurNipoRandom
65,484,0.788917,HeurNipoRandom
65,474,0.809952,HeurNipoRandom
65,481,5.91098,HeurNipoRandom
65,473,0.820749,HeurNipoRandom
65,475,0.795423,HeurNipoRandom
65,470,5.0953,HeurNipoRandom
65,468,0.78626,HeurNipoRandom
65,479,0.780583,HeurNipoRandom
65,479,0.842202,HeurNipoRandom
65,469,0.7428,HeurNipoRandom
65,480,0.845791,HeurNipoRandom
65,468,0.797112,HeurNipoRandom
65,482,0.869006,HeurNipoRandom
65,468,0.882255,HeurNipoRandom
65,471,0.77388,HeurNipoRandom
65,463,0.781325,HeurNipoRandom
65,465,0.78853,HeurNipoRandom
65,457,0.75296,HeurNipoRandom
65,454,0.750237,HeurNipoRandom
65,464,0.776817,HeurNipoRandom
65,462,0.794744,HeurNipoRandom
65,470,0.827426,HeurNipoRandom
65,486,0.840298,HeurNipoRandom
70,557,0.998902,HeurNipoRandom
70,539,0.943387,HeurNipoRandom
70,543,1.72715,HeurNipoRandom
70,550,1.15707,HeurNipoRandom
70,545,0.943778,HeurNipoRandom
70,564,1.01692,HeurNipoRandom
70,549,0.951264,HeurNipoRandom
70,557,0.990654,HeurNipoRandom
70,554,0.998283,HeurNipoRandom
70,547,5.94485,HeurNipoRandom
70,541,1.02044,HeurNipoRandom
70,548,1.08213,HeurNipoRandom
70,546,0.987659,HeurNipoRandom
70,547,0.984757,HeurNipoRandom
70,549,0.950721,HeurNipoRandom
70,546,0.975189,HeurNipoRandom
70,548,1.06033,HeurNipoRandom
70,554,1.05321,HeurNipoRandom
70,550,0.996766,HeurNipoRandom
70,543,0.955952,HeurNipoRandom
70,553,0.902961,HeurNipoRandom
70,548,0.929736,HeurNipoRandom
70,555,1.01773,HeurNipoRandom
70,538,0.949972,HeurNipoRandom
70,559,0.970837,HeurNipoRandom
70,555,1.0293,HeurNipoRandom
70,546,0.988808,HeurNipoRandom
70,559,0.935603,HeurNipoRandom
70,537,0.995766,HeurNipoRandom
70,520,0.9233,HeurNipoRandom
75,623,1.18725,HeurNipoRandom
75,619,1.27586,HeurNipoRandom
75,643,1.20202,HeurNipoRandom
75,630,1.16991,HeurNipoRandom
75,617,2.45485,HeurNipoRandom
75,629,6.15895,HeurNipoRandom
75,647,1.26701,HeurNipoRandom
75,646,1.22504,HeurNipoRandom
75,628,5.7467,HeurNipoRandom
75,638,7.81799,HeurNipoRandom
75,622,1.10438,HeurNipoRandom
75,628,1.16776,HeurNipoRandom
75,631,1.10696,HeurNipoRandom
75,641,1.15174,HeurNipoRandom
75,631,1.21247,HeurNipoRandom
75,635,1.25426,HeurNipoRandom
75,626,1.18648,HeurNipoRandom
75,639,1.14267,HeurNipoRandom
75,619,1.16205,HeurNipoRandom
75,615,1.06385,HeurNipoRandom
75,627,1.12419,HeurNipoRandom
75,625,1.14009,HeurNipoRandom
75,623,1.14402,HeurNipoRandom
75,639,1.18324,HeurNipoRandom
75,641,1.21907,HeurNipoRandom
75,645,1.19859,HeurNipoRandom
75,619,1.10389,HeurNipoRandom
75,625,1.18391,HeurNipoRandom
75,608,1.11182,HeurNipoRandom
75,636,1.15402,HeurNipoRandom
80,709,1.37737,HeurNipoRandom
80,710,2.16351,HeurNipoRandom
80,729,1.39452,HeurNipoRandom
80,714,1.34393,HeurNipoRandom
80,717,1.30759,HeurNipoRandom
80,705,1.30723,HeurNipoRandom
80,697,1.36162,HeurNipoRandom
80,700,1.3793,HeurNipoRandom
80,719,1.85304,HeurNipoRandom
80,717,1.47713,HeurNipoRandom
80,733,1.43186,HeurNipoRandom
80,710,1.31786,HeurNipoRandom
80,685,1.29156,HeurNipoRandom
80,706,1.41758,HeurNipoRandom
80,696,1.30767,HeurNipoRandom
80,705,1.3254,HeurNipoRandom
80,699,1.38777,HeurNipoRandom
80,729,1.41176,HeurNipoRandom
80,710,1.45969,HeurNipoRandom
80,739,1.42803,HeurNipoRandom
80,713,1.32406,HeurNipoRandom
80,723,1.41383,HeurNipoRandom
80,731,1.38989,HeurNipoRandom
80,712,1.37104,HeurNipoRandom
80,735,1.39955,HeurNipoRandom
80,699,1.30432,HeurNipoRandom
80,697,1.32497,HeurNipoRandom
80,719,1.37567,HeurNipoRandom
80,718,1.42575,HeurNipoRandom
80,720,1.36627,HeurNipoRandom
85,784,1.62891,HeurNipoRandom
85,806,1.65707,HeurNipoRandom
85,793,1.61466,HeurNipoRandom
85,805,4.49742,HeurNipoRandom
85,813,1.67762,HeurNipoRandom
85,771,1.5722,HeurNipoRandom
85,796,1.60343,HeurNipoRandom
85,794,1.60322,HeurNipoRandom
85,769,1.50667,HeurNipoRandom
85,801,1.5462,HeurNipoRandom
85,831,1.62888,HeurNipoRandom
85,794,1.54448,HeurNipoRandom
85,804,1.52084,HeurNipoRandom
85,814,1.62288,HeurNipoRandom
85,823,1.69178,HeurNipoRandom
85,786,1.53449,HeurNipoRandom
85,802,1.60508,HeurNipoRandom
85,784,1.58632,HeurNipoRandom
85,813,1.57706,HeurNipoRandom
85,784,1.52059,HeurNipoRandom
85,798,1.54635,HeurNipoRandom
85,794,1.51073,HeurNipoRandom
85,813,1.57492,HeurNipoRandom
85,787,1.56699,HeurNipoRandom
85,791,1.5742,HeurNipoRandom
85,796,1.58141,HeurNipoRandom
85,798,1.49704,HeurNipoRandom
85,796,1.55264,HeurNipoRandom
85,802,1.60639,HeurNipoRandom
85,786,1.55343,HeurNipoRandom
90,877,1.73965,HeurNipoRandom
90,895,1.79034,HeurNipoRandom
90,877,8.78022,HeurNipoRandom
90,889,4.37265,HeurNipoRandom
90,911,9.90439,HeurNipoRandom
90,898,1.9028,HeurNipoRandom
90,899,1.84433,HeurNipoRandom
90,909,1.83466,HeurNipoRandom
90,898,1.86115,HeurNipoRandom
90,914,1.85526,HeurNipoRandom
90,872,1.78287,HeurNipoRandom
90,914,1.86188,HeurNipoRandom
90,907,1.8959,HeurNipoRandom
90,881,1.77097,HeurNipoRandom
90,881,1.82072,HeurNipoRandom
90,896,1.8538,HeurNipoRandom
90,906,1.92107,HeurNipoRandom
90,898,1.79291,HeurNipoRandom
90,887,1.88889,HeurNipoRandom
90,885,1.9179,HeurNipoRandom
90,914,1.8973,HeurNipoRandom
90,878,1.75682,HeurNipoRandom
90,891,1.84985,HeurNipoRandom
90,922,1.83989,HeurNipoRandom
90,909,1.82663,HeurNipoRandom
90,896,1.75478,HeurNipoRandom
90,883,1.81107,HeurNipoRandom
90,903,1.89892,HeurNipoRandom
90,898,1.8713,HeurNipoRandom
90,906,1.83927,HeurNipoRandom
95,983,2.82739,HeurNipoRandom
95,997,2.07513,HeurNipoRandom
95,1020,2.16604,HeurNipoRandom
95,1009,2.29485,HeurNipoRandom
95,1006,2.14209,HeurNipoRandom
95,1000,2.05996,HeurNipoRandom
95,1006,2.137,HeurNipoRandom
95,993,2.08789,HeurNipoRandom
95,1012,2.20458,HeurNipoRandom
95,1002,2.17578,HeurNipoRandom
95,992,2.13478,HeurNipoRandom
95,1019,2.12716,HeurNipoRandom
95,994,2.04619,HeurNipoRandom
95,975,2.05014,HeurNipoRandom
95,998,2.09856,HeurNipoRandom
95,1017,2.14266,HeurNipoRandom
95,980,2.03522,HeurNipoRandom
95,1010,2.14316,HeurNipoRandom
95,1008,2.07228,HeurNipoRandom
95,1003,2.06,HeurNipoRandom
95,1003,2.0879,HeurNipoRandom
95,978,2.15973,HeurNipoRandom
95,999,2.10216,HeurNipoRandom
95,996,2.11966,HeurNipoRandom
95,996,2.06989,HeurNipoRandom
95,992,2.15224,HeurNipoRandom
95,1017,2.15904,HeurNipoRandom
95,1010,2.1019,HeurNipoRandom
95,997,2.06127,HeurNipoRandom
95,1040,2.15072,HeurNipoRandom
100,1109,2.37585,HeurNipoRandom
100,1116,2.44734,HeurNipoRandom
100,1114,2.73597,HeurNipoRandom
100,1071,2.39367,HeurNipoRandom
100,1105,2.43349,HeurNipoRandom
100,1087,2.33425,HeurNipoRandom
100,1111,2.3952,HeurNipoRandom
100,1093,2.34806,HeurNipoRandom
100,1134,2.55192,HeurNipoRandom
100,1130,2.3909,HeurNipoRandom
100,1126,2.46206,HeurNipoRandom
100,1110,2.40966,HeurNipoRandom
100,1092,2.33319,HeurNipoRandom
100,1128,2.39384,HeurNipoRandom
100,1103,2.34382,HeurNipoRandom
100,1091,2.36491,HeurNipoRandom
100,1095,2.38177,HeurNipoRandom
100,1072,2.2502,HeurNipoRandom
100,1117,2.45932,HeurNipoRandom
100,1105,2.34916,HeurNipoRandom
100,1104,2.41833,HeurNipoRandom
100,1097,2.32363,HeurNipoRandom
100,1093,2.32261,HeurNipoRandom
100,1103,2.35401,HeurNipoRandom
100,1097,2.38345,HeurNipoRandom
100,1103,2.40536,HeurNipoRandom
100,1103,2.39124,HeurNipoRandom
100,1092,2.40331,HeurNipoRandom
100,1111,2.3489,HeurNipoRandom
100,1094,2.36496,HeurNipoRandom
105,1239,9.40247,HeurNipoRandom
105,1216,2.75578,HeurNipoRandom
105,1244,2.79769,HeurNipoRandom
105,1215,2.73764,HeurNipoRandom
105,1216,2.66987,HeurNipoRandom
105,1228,2.78754,HeurNipoRandom
105,1236,2.6809,HeurNipoRandom
105,1224,2.72131,HeurNipoRandom
105,1201,2.71901,HeurNipoRandom
105,1207,2.73937,HeurNipoRandom
105,1212,2.75004,HeurNipoRandom
105,1229,2.70797,HeurNipoRandom
105,1216,2.74982,HeurNipoRandom
105,1241,2.82127,HeurNipoRandom
105,1218,2.68594,HeurNipoRandom
105,1227,2.7756,HeurNipoRandom
105,1227,2.82446,HeurNipoRandom
105,1194,2.64227,HeurNipoRandom
105,1211,2.67142,HeurNipoRandom
105,1232,2.67303,HeurNipoRandom
105,1231,2.72101,HeurNipoRandom
105,1227,2.71299,HeurNipoRandom
105,1227,2.75786,HeurNipoRandom
105,1239,2.75146,HeurNipoRandom
105,1226,2.73568,HeurNipoRandom
105,1203,2.6497,HeurNipoRandom
105,1220,2.66677,HeurNipoRandom
105,1224,2.75699,HeurNipoRandom
105,1226,2.73857,HeurNipoRandom
105,1191,2.62064,HeurNipoRandom
110,1340,3.14261,HeurNipoRandom
110,1352,3.47971,HeurNipoRandom
110,1326,3.16165,HeurNipoRandom
110,1334,3.0388,HeurNipoRandom
110,1355,3.25993,HeurNipoRandom
110,1329,3.07152,HeurNipoRandom
110,1317,2.99323,HeurNipoRandom
110,1337,3.08744,HeurNipoRandom
110,1354,3.16863,HeurNipoRandom
110,1321,3.12634,HeurNipoRandom
110,1310,3.07879,HeurNipoRandom
110,1340,3.14413,HeurNipoRandom
110,1304,2.99664,HeurNipoRandom
110,1318,2.96085,HeurNipoRandom
110,1336,3.09255,HeurNipoRandom
110,1311,3.27015,HeurNipoRandom
110,1341,3.0514,HeurNipoRandom
110,1330,3.0133,HeurNipoRandom
110,1331,3.06968,HeurNipoRandom
110,1330,3.02337,HeurNipoRandom
110,1319,2.922,HeurNipoRandom
110,1334,2.98724,HeurNipoRandom
110,1365,3.10084,HeurNipoRandom
110,1339,3.10103,HeurNipoRandom
110,1339,3.00799,HeurNipoRandom
110,1317,2.95094,HeurNipoRandom
110,1353,3.05069,HeurNipoRandom
110,1353,3.11995,HeurNipoRandom
110,1350,3.09726,HeurNipoRandom
110,1303,2.95896,HeurNipoRandom
115,1463,18.3522,HeurNipoRandom
115,1440,7.45447,HeurNipoRandom
115,1471,3.36361,HeurNipoRandom
115,1479,3.56876,HeurNipoRandom
115,1471,3.49766,HeurNipoRandom
115,1485,3.50849,HeurNipoRandom
115,1453,3.60478,HeurNipoRandom
115,1482,3.64216,HeurNipoRandom
115,1464,3.46936,HeurNipoRandom
115,1464,3.54775,HeurNipoRandom
115,1491,3.54468,HeurNipoRandom
115,1412,3.28807,HeurNipoRandom
115,1454,3.51669,HeurNipoRandom
115,1453,3.44888,HeurNipoRandom
115,1454,3.55879,HeurNipoRandom
115,1458,3.42778,HeurNipoRandom
115,1420,3.36679,HeurNipoRandom
115,1460,3.56078,HeurNipoRandom
115,1458,3.54819,HeurNipoRandom
115,1446,3.48066,HeurNipoRandom
115,1499,3.53979,HeurNipoRandom
115,1450,3.52635,HeurNipoRandom
115,1461,3.43548,HeurNipoRandom
115,1464,3.74288,HeurNipoRandom
115,1470,3.8403,HeurNipoRandom
115,1455,3.51609,HeurNipoRandom
115,1421,3.36207,HeurNipoRandom
115,1478,3.55314,HeurNipoRandom
115,1453,3.38003,HeurNipoRandom
115,1421,3.34613,HeurNipoRandom
120,1582,5.52161,HeurNipoRandom
120,1570,4.03172,HeurNipoRandom
120,1611,3.99392,HeurNipoRandom
120,1585,3.80844,HeurNipoRandom
120,1621,4.06828,HeurNipoRandom
120,1573,3.84939,HeurNipoRandom
120,1579,3.91109,HeurNipoRandom
120,1625,3.91899,HeurNipoRandom
120,1588,3.80409,HeurNipoRandom
120,1601,3.80441,HeurNipoRandom
120,1568,3.79079,HeurNipoRandom
120,1600,3.98829,HeurNipoRandom
120,1572,3.81143,HeurNipoRandom
120,1566,3.95234,HeurNipoRandom
120,1553,3.8316,HeurNipoRandom
120,1553,3.72774,HeurNipoRandom
120,1590,3.88681,HeurNipoRandom
120,1579,3.94153,HeurNipoRandom
120,1604,3.7815,HeurNipoRandom
120,1560,3.86147,HeurNipoRandom
120,1582,3.87308,HeurNipoRandom
120,1596,3.96208,HeurNipoRandom
120,1564,4.11834,HeurNipoRandom
120,1569,3.80299,HeurNipoRandom
120,1605,3.93427,HeurNipoRandom
120,1575,3.81131,HeurNipoRandom
120,1558,3.67496,HeurNipoRandom
120,1586,3.78907,HeurNipoRandom
120,1569,3.84918,HeurNipoRandom
120,1569,3.76871,HeurNipoRandom
125,1738,10.5054,HeurNipoRandom
125,1749,4.40452,HeurNipoRandom
125,1673,4.22888,HeurNipoRandom
125,1705,4.24664,HeurNipoRandom
125,1695,4.45165,HeurNipoRandom
125,1737,4.32006,HeurNipoRandom
125,1711,4.30681,HeurNipoRandom
125,1728,4.3833,HeurNipoRandom
125,1723,4.31256,HeurNipoRandom
125,1713,4.44273,HeurNipoRandom
125,1733,4.29079,HeurNipoRandom
125,1746,4.36454,HeurNipoRandom
125,1667,4.11133,HeurNipoRandom
125,1721,4.2464,HeurNipoRandom
125,1728,4.34219,HeurNipoRandom
125,1752,4.5064,HeurNipoRandom
125,1695,4.26625,HeurNipoRandom
125,1708,4.25051,HeurNipoRandom
125,1731,4.39017,HeurNipoRandom
125,1700,4.3498,HeurNipoRandom
125,1770,4.37023,HeurNipoRandom
125,1685,4.1707,HeurNipoRandom
125,1718,4.38047,HeurNipoRandom
125,1727,4.37109,HeurNipoRandom
125,1712,4.24799,HeurNipoRandom
125,1741,4.27824,HeurNipoRandom
125,1743,4.40983,HeurNipoRandom
125,1724,4.31786,HeurNipoRandom
125,1707,4.16213,HeurNipoRandom
125,1737,4.42762,HeurNipoRandom
130,1860,4.86683,HeurNipoRandom
130,1811,4.79239,HeurNipoRandom
130,1867,4.81372,HeurNipoRandom
130,1837,4.8338,HeurNipoRandom
130,1900,5.24316,HeurNipoRandom
130,1840,4.96233,HeurNipoRandom
130,1853,4.88611,HeurNipoRandom
130,1832,4.78895,HeurNipoRandom
130,1854,4.80732,HeurNipoRandom
130,1845,4.68951,HeurNipoRandom
130,1852,4.81845,HeurNipoRandom
130,1876,4.82876,HeurNipoRandom
130,1891,4.80142,HeurNipoRandom
130,1887,15.0825,HeurNipoRandom
130,1852,4.73299,HeurNipoRandom
130,1818,4.90351,HeurNipoRandom
130,1861,4.79311,HeurNipoRandom
130,1889,4.96416,HeurNipoRandom
130,1863,4.76639,HeurNipoRandom
130,1888,5.06261,HeurNipoRandom
130,1878,4.90509,HeurNipoRandom
130,1852,4.86717,HeurNipoRandom
130,1821,4.66433,HeurNipoRandom
130,1864,4.76939,HeurNipoRandom
130,1849,4.82218,HeurNipoRandom
130,1841,4.94601,HeurNipoRandom
130,1862,5.31017,HeurNipoRandom
130,1839,4.69828,HeurNipoRandom
130,1851,4.8907,HeurNipoRandom
130,1841,4.65955,HeurNipoRandom
135,2015,5.4973,HeurNipoRandom
135,1984,5.40471,HeurNipoRandom
135,1987,5.28827,HeurNipoRandom
135,2009,5.26078,HeurNipoRandom
135,2001,5.37682,HeurNipoRandom
135,2022,5.45427,HeurNipoRandom
135,2008,5.37735,HeurNipoRandom
135,2001,5.29162,HeurNipoRandom
135,1989,5.39097,HeurNipoRandom
135,1983,5.30187,HeurNipoRandom
135,1989,5.26147,HeurNipoRandom
135,1981,5.20297,HeurNipoRandom
135,1987,5.42023,HeurNipoRandom
135,2006,5.27738,HeurNipoRandom
135,2023,5.66352,HeurNipoRandom
135,1997,5.39215,HeurNipoRandom
135,2025,5.67126,HeurNipoRandom
135,1976,5.35688,HeurNipoRandom
135,1997,5.42455,HeurNipoRandom
135,2004,5.46091,HeurNipoRandom
135,2006,5.43841,HeurNipoRandom
135,2028,5.54404,HeurNipoRandom
135,1983,5.35479,HeurNipoRandom
135,1951,5.24544,HeurNipoRandom
135,1988,5.25952,HeurNipoRandom
135,1981,5.38926,HeurNipoRandom
135,1991,5.34687,HeurNipoRandom
135,2030,5.3874,HeurNipoRandom
135,1999,5.24643,HeurNipoRandom
135,1987,5.42946,HeurNipoRandom
140,2123,5.98277,HeurNipoRandom
140,2156,6.0133,HeurNipoRandom
140,2153,6.17394,HeurNipoRandom
140,2204,5.98682,HeurNipoRandom
140,2147,5.82652,HeurNipoRandom
140,2147,6.08313,HeurNipoRandom
140,2135,5.85705,HeurNipoRandom
140,2159,5.84349,HeurNipoRandom
140,2161,5.93453,HeurNipoRandom
140,2141,5.98395,HeurNipoRandom
140,2162,5.82143,HeurNipoRandom
140,2160,6.04564,HeurNipoRandom
140,2134,5.82518,HeurNipoRandom
140,2128,5.92809,HeurNipoRandom
140,2110,5.80059,HeurNipoRandom
140,2181,6.11569,HeurNipoRandom
140,2166,5.88482,HeurNipoRandom
140,2184,5.8578,HeurNipoRandom
140,2159,6.38266,HeurNipoRandom
140,2141,8.5299,HeurNipoRandom
140,2132,5.91872,HeurNipoRandom
140,2167,6.0513,HeurNipoRandom
140,2138,5.99409,HeurNipoRandom
140,2137,5.81141,HeurNipoRandom
140,2159,6.00746,HeurNipoRandom
140,2152,5.84107,HeurNipoRandom
140,2154,5.78488,HeurNipoRandom
140,2152,5.9278,HeurNipoRandom
140,2159,5.92204,HeurNipoRandom
140,2167,5.76762,HeurNipoRandom
145,2276,6.4734,HeurNipoRandom
145,2309,6.65129,HeurNipoRandom
145,2312,6.49735,HeurNipoRandom
145,2274,6.32595,HeurNipoRandom
145,2285,6.42181,HeurNipoRandom
145,2354,6.62867,HeurNipoRandom
145,2287,6.41362,HeurNipoRandom
145,2313,6.52405,HeurNipoRandom
145,2289,6.50492,HeurNipoRandom
145,2359,6.56492,HeurNipoRandom
145,2306,6.47915,HeurNipoRandom
145,2331,6.45549,HeurNipoRandom
145,2260,6.28664,HeurNipoRandom
145,2308,6.49491,HeurNipoRandom
145,2316,6.54524,HeurNipoRandom
145,2287,6.72659,HeurNipoRandom
145,2346,6.901,HeurNipoRandom
145,2339,6.64948,HeurNipoRandom
145,2299,6.36085,HeurNipoRandom
145,2285,6.30398,HeurNipoRandom
145,2262,6.32486,HeurNipoRandom
145,2308,6.41121,HeurNipoRandom
145,2280,6.46802,HeurNipoRandom
145,2300,6.44706,HeurNipoRandom
145,2295,6.32039,HeurNipoRandom
145,2300,6.45115,HeurNipoRandom
145,2291,6.43735,HeurNipoRandom
145,2364,6.5937,HeurNipoRandom
145,2303,6.38096,HeurNipoRandom
145,2296,8.74684,HeurNipoRandom
150,2492,7.21354,HeurNipoRandom
150,2465,6.99884,HeurNipoRandom
150,2487,13.2591,HeurNipoRandom
150,2447,7.05412,HeurNipoRandom
150,2516,6.98975,HeurNipoRandom
150,2480,7.08021,HeurNipoRandom
150,2482,7.31245,HeurNipoRandom
150,2414,7.1143,HeurNipoRandom
150,2452,7.21681,HeurNipoRandom
150,2482,6.98622,HeurNipoRandom
150,2493,7.10353,HeurNipoRandom
150,2431,7.47929,HeurNipoRandom
150,2514,7.27135,HeurNipoRandom
150,2446,7.14787,HeurNipoRandom
150,2485,7.11603,HeurNipoRandom
150,2478,7.22012,HeurNipoRandom
150,2491,7.04667,HeurNipoRandom
150,2439,7.17146,HeurNipoRandom
150,2479,7.15916,HeurNipoRandom
150,2443,7.01227,HeurNipoRandom
150,2462,7.02976,HeurNipoRandom
150,2468,7.0417,HeurNipoRandom
150,2475,7.10802,HeurNipoRandom
150,2450,7.08208,HeurNipoRandom
150,2450,6.93479,HeurNipoRandom
150,2450,7.03151,HeurNipoRandom
150,2493,7.74186,HeurNipoRandom
150,2470,7.01137,HeurNipoRandom
150,2469,7.10155,HeurNipoRandom
150,2461,7.12209,HeurNipoRandom
155,2608,7.65565,HeurNipoRandom
155,2615,8.07594,HeurNipoRandom
155,2625,7.72864,HeurNipoRandom
155,2619,7.79006,HeurNipoRandom
155,2641,7.79965,HeurNipoRandom
155,2620,7.74558,HeurNipoRandom
155,2616,8.01205,HeurNipoRandom
155,2636,7.71545,HeurNipoRandom
155,2660,8.1932,HeurNipoRandom
155,2580,7.4103,HeurNipoRandom
155,2639,7.84718,HeurNipoRandom
155,2625,7.89552,HeurNipoRandom
155,2664,8.193,HeurNipoRandom
155,2611,8.15582,HeurNipoRandom
155,2668,8.09972,HeurNipoRandom
155,2606,7.7476,HeurNipoRandom
155,2624,7.6842,HeurNipoRandom
155,2658,8.13739,HeurNipoRandom
155,2614,7.85574,HeurNipoRandom
155,2620,7.82498,HeurNipoRandom
155,2634,8.20702,HeurNipoRandom
155,2620,7.62386,HeurNipoRandom
155,2607,8.0378,HeurNipoRandom
155,2645,7.98299,HeurNipoRandom
155,2643,7.90446,HeurNipoRandom
155,2674,7.93396,HeurNipoRandom
155,2619,7.72038,HeurNipoRandom
155,2613,7.87666,HeurNipoRandom
155,2658,7.8625,HeurNipoRandom
155,2635,7.8681,HeurNipoRandom
160,2809,8.66432,HeurNipoRandom
160,2802,8.47242,HeurNipoRandom
160,2820,8.88698,HeurNipoRandom
160,2800,8.43509,HeurNipoRandom
160,2812,8.51191,HeurNipoRandom
160,2796,8.62295,HeurNipoRandom
160,2813,8.53663,HeurNipoRandom
160,2778,8.33561,HeurNipoRandom
160,2801,8.40071,HeurNipoRandom
160,2754,8.22282,HeurNipoRandom
160,2800,8.47356,HeurNipoRandom
160,2824,8.41332,HeurNipoRandom
160,2763,8.40313,HeurNipoRandom
160,2753,8.2161,HeurNipoRandom
160,2817,8.72864,HeurNipoRandom
160,2798,8.61131,HeurNipoRandom
160,2728,8.31177,HeurNipoRandom
160,2769,8.22585,HeurNipoRandom
160,2809,8.40476,HeurNipoRandom
160,2837,8.76694,HeurNipoRandom
160,2764,8.34839,HeurNipoRandom
160,2825,8.57435,HeurNipoRandom
160,2787,8.37379,HeurNipoRandom
160,2814,8.67948,HeurNipoRandom
160,2822,9.15884,HeurNipoRandom
160,2844,8.8996,HeurNipoRandom
160,2783,9.52683,HeurNipoRandom
160,2786,8.68806,HeurNipoRandom
160,2797,8.497,HeurNipoRandom
160,2825,8.48716,HeurNipoRandom
165,2969,9.4181,HeurNipoRandom
165,2996,9.30958,HeurNipoRandom
165,3006,11.1756,HeurNipoRandom
165,2957,9.11207,HeurNipoRandom
165,2952,9.12505,HeurNipoRandom
165,3009,9.42506,HeurNipoRandom
165,2987,9.25197,HeurNipoRandom
165,3007,9.39311,HeurNipoRandom
165,2997,9.32789,HeurNipoRandom
165,2979,9.19703,HeurNipoRandom
165,2985,9.15062,HeurNipoRandom
165,2959,9.20261,HeurNipoRandom
165,2991,9.26344,HeurNipoRandom
165,2954,9.02896,HeurNipoRandom
165,2931,9.1979,HeurNipoRandom
165,3003,9.32226,HeurNipoRandom
165,2973,9.25623,HeurNipoRandom
165,2974,9.15861,HeurNipoRandom
165,2976,9.21978,HeurNipoRandom
165,2962,10.977,HeurNipoRandom
165,2960,9.19141,HeurNipoRandom
165,2981,9.9871,HeurNipoRandom
165,2943,9.09962,HeurNipoRandom
165,2972,9.27975,HeurNipoRandom
165,2939,9.20441,HeurNipoRandom
165,2975,9.31104,HeurNipoRandom
165,2985,9.11052,HeurNipoRandom
165,2967,9.03003,HeurNipoRandom
165,3023,9.46567,HeurNipoRandom
165,2948,9.1018,HeurNipoRandom
170,3140,10.259,HeurNipoRandom
170,3172,10.0551,HeurNipoRandom
170,3163,9.97222,HeurNipoRandom
170,3154,10.062,HeurNipoRandom
170,3135,10.0841,HeurNipoRandom
170,3150,10.1873,HeurNipoRandom
170,3133,10.229,HeurNipoRandom
170,3191,10.4181,HeurNipoRandom
170,3141,10.4214,HeurNipoRandom
170,3151,9.96011,HeurNipoRandom
170,3185,10.2534,HeurNipoRandom
170,3171,10.0544,HeurNipoRandom
170,3161,9.87,HeurNipoRandom
170,3150,10.0294,HeurNipoRandom
170,3134,10.0255,HeurNipoRandom
170,3147,10.2566,HeurNipoRandom
170,3130,9.91345,HeurNipoRandom
170,3170,10.6269,HeurNipoRandom
170,3120,9.95573,HeurNipoRandom
170,3137,9.8153,HeurNipoRandom
170,3137,10.5045,HeurNipoRandom
170,3161,15.0636,HeurNipoRandom
170,3144,10.0491,HeurNipoRandom
170,3155,9.99065,HeurNipoRandom
170,3159,9.89831,HeurNipoRandom
170,3139,10.0988,HeurNipoRandom
170,3130,10.1289,HeurNipoRandom
170,3143,10.1412,HeurNipoRandom
170,3167,10.2178,HeurNipoRandom
170,3124,9.95928,HeurNipoRandom
175,3374,11.1788,HeurNipoRandom
175,3272,10.5709,HeurNipoRandom
175,3331,10.9412,HeurNipoRandom
175,3317,10.7686,HeurNipoRandom
175,3329,10.6551,HeurNipoRandom
175,3357,10.9448,HeurNipoRandom
175,3349,10.7245,HeurNipoRandom
175,3326,10.7747,HeurNipoRandom
175,3313,10.7019,HeurNipoRandom
175,3315,10.5586,HeurNipoRandom
175,3364,11.1022,HeurNipoRandom
175,3377,11.0641,HeurNipoRandom
175,3347,10.7643,HeurNipoRandom
175,3338,10.6714,HeurNipoRandom
175,3327,10.4985,HeurNipoRandom
175,3365,10.7353,HeurNipoRandom
175,3355,10.9441,HeurNipoRandom
175,3334,10.8898,HeurNipoRandom
175,3342,10.9973,HeurNipoRandom
175,3335,10.6566,HeurNipoRandom
175,3372,10.9262,HeurNipoRandom
175,3314,10.7524,HeurNipoRandom
175,3298,10.6205,HeurNipoRandom
175,3346,11.1093,HeurNipoRandom
175,3345,10.8644,HeurNipoRandom
175,3342,10.8133,HeurNipoRandom
175,3323,10.8717,HeurNipoRandom
175,3344,10.8969,HeurNipoRandom
175,3308,10.7868,HeurNipoRandom
175,3353,10.7464,HeurNipoRandom
180,3480,11.4419,HeurNipoRandom
180,3601,12.1827,HeurNipoRandom
180,3524,11.6543,HeurNipoRandom
180,3549,11.9679,HeurNipoRandom
180,3576,11.8838,HeurNipoRandom
180,3570,11.7107,HeurNipoRandom
180,3512,11.704,HeurNipoRandom
180,3541,11.8508,HeurNipoRandom
180,3560,11.853,HeurNipoRandom
180,3502,11.5351,HeurNipoRandom
180,3526,11.4119,HeurNipoRandom
180,3553,11.717,HeurNipoRandom
180,3510,11.5608,HeurNipoRandom
180,3512,11.8221,HeurNipoRandom
180,3535,11.7748,HeurNipoRandom
180,3551,12.0104,HeurNipoRandom
180,3473,11.3821,HeurNipoRandom
180,3525,13.7581,HeurNipoRandom
180,3501,11.8161,HeurNipoRandom
180,3555,11.9671,HeurNipoRandom
180,3501,11.5586,HeurNipoRandom
180,3560,11.9022,HeurNipoRandom
180,3532,12.1563,HeurNipoRandom
180,3497,13.4565,HeurNipoRandom
180,3500,11.7741,HeurNipoRandom
180,3484,11.2806,HeurNipoRandom
180,3538,11.3034,HeurNipoRandom
180,3509,11.5487,HeurNipoRandom
180,3476,11.3858,HeurNipoRandom
180,3487,13.4431,HeurNipoRandom
185,3734,12.8509,HeurNipoRandom
185,3752,12.6351,HeurNipoRandom
185,3672,12.1754,HeurNipoRandom
185,3729,12.4813,HeurNipoRandom
185,3721,14.0197,HeurNipoRandom
185,3711,12.5446,HeurNipoRandom
185,3702,12.5187,HeurNipoRandom
185,3721,12.3339,HeurNipoRandom
185,3695,12.3312,HeurNipoRandom
185,3754,12.7877,HeurNipoRandom
185,3761,12.6071,HeurNipoRandom
185,3724,12.5258,HeurNipoRandom
185,3747,12.7805,HeurNipoRandom
185,3715,12.3122,HeurNipoRandom
185,3755,12.7772,HeurNipoRandom
185,3719,13.0025,HeurNipoRandom
185,3727,12.6728,HeurNipoRandom
185,3719,12.6677,HeurNipoRandom
185,3733,13.0288,HeurNipoRandom
185,3751,12.8795,HeurNipoRandom
185,3738,12.9498,HeurNipoRandom
185,3699,12.733,HeurNipoRandom
185,3711,12.6112,HeurNipoRandom
185,3754,12.4371,HeurNipoRandom
185,3744,26.1189,HeurNipoRandom
185,3735,12.7766,HeurNipoRandom
185,3742,13.1869,HeurNipoRandom
185,3715,12.523,HeurNipoRandom
185,3727,12.7544,HeurNipoRandom
185,3719,12.3588,HeurNipoRandom
190,3920,14.132,HeurNipoRandom
190,3943,13.87,HeurNipoRandom
190,3894,13.6113,HeurNipoRandom
190,3859,13.5097,HeurNipoRandom
190,3932,13.6928,HeurNipoRandom
190,3916,13.715,HeurNipoRandom
190,3946,13.6227,HeurNipoRandom
190,3969,13.8016,HeurNipoRandom
190,3919,14.2072,HeurNipoRandom
190,3924,14.0935,HeurNipoRandom
190,3957,14.1446,HeurNipoRandom
190,3873,24.2054,HeurNipoRandom
190,3924,13.3746,HeurNipoRandom
190,3947,13.6572,HeurNipoRandom
190,3932,14.1804,HeurNipoRandom
190,3966,13.8687,HeurNipoRandom
190,3894,13.4554,HeurNipoRandom
190,3934,13.7463,HeurNipoRandom
190,3953,13.6181,HeurNipoRandom
190,3952,13.4261,HeurNipoRandom
190,3939,13.8695,HeurNipoRandom
190,3926,13.5326,HeurNipoRandom
190,3887,13.4084,HeurNipoRandom
190,3959,13.7308,HeurNipoRandom
190,3950,13.5706,HeurNipoRandom
190,3884,13.2715,HeurNipoRandom
190,3912,13.5668,HeurNipoRandom
190,3934,13.591,HeurNipoRandom
190,3888,13.4388,HeurNipoRandom
190,3940,13.528,HeurNipoRandom
195,4120,14.5758,HeurNipoRandom
195,4157,14.2644,HeurNipoRandom
195,4176,14.795,HeurNipoRandom
195,4102,14.5843,HeurNipoRandom
195,4147,14.4909,HeurNipoRandom
195,4185,14.4959,HeurNipoRandom
195,4148,14.7031,HeurNipoRandom
195,4148,14.6467,HeurNipoRandom
195,4121,14.6467,HeurNipoRandom
195,4144,14.5963,HeurNipoRandom
195,4147,14.8725,HeurNipoRandom
195,4155,14.8643,HeurNipoRandom
195,4113,14.3029,HeurNipoRandom
195,4130,14.6742,HeurNipoRandom
195,4144,14.626,HeurNipoRandom
195,4147,14.7705,HeurNipoRandom
195,4138,14.4502,HeurNipoRandom
195,4122,14.3972,HeurNipoRandom
195,4157,14.3892,HeurNipoRandom
195,4092,14.2791,HeurNipoRandom
195,4127,14.8265,HeurNipoRandom
195,4124,14.7382,HeurNipoRandom
195,4131,14.6599,HeurNipoRandom
195,4157,14.6064,HeurNipoRandom
195,4108,14.4751,HeurNipoRandom
195,4166,14.6083,HeurNipoRandom
195,4173,14.6902,HeurNipoRandom
195,4181,16.6059,HeurNipoRandom
195,4140,14.7393,HeurNipoRandom
195,4093,14.3672,HeurNipoRandom
