IteracionesFijas,IteracionesReales,Tipo
10, 19, Iteraciones Reales
10, 12, Iteraciones Reales
10, 17, Iteraciones Reales
10, 11, Iteraciones Reales
10, 17, Iteraciones Reales
10, 19, Iteraciones Reales
10, 17, Iteraciones Reales
10, 10, Iteraciones Reales
10, 24, Iteraciones Reales
10, 13, Iteraciones Reales
10, 14, Iteraciones Reales
10, 19, Iteraciones Reales
10, 19, Iteraciones Reales
10, 11, Iteraciones Reales
10, 12, Iteraciones Reales
10, 20, Iteraciones Reales
10, 22, Iteraciones Reales
10, 27, Iteraciones Reales
10, 24, Iteraciones Reales
10, 24, Iteraciones Reales
10, 32, Iteraciones Reales
10, 24, Iteraciones Reales
10, 13, Iteraciones Reales
10, 12, Iteraciones Reales
10, 26, Iteraciones Reales
10, 26, Iteraciones Reales
10, 12, Iteraciones Reales
10, 13, Iteraciones Reales
10, 10, Iteraciones Reales
10, 20, Iteraciones Reales
20, 20, Iteraciones Reales
20, 20, Iteraciones Reales
20, 29, Iteraciones Reales
20, 68, Iteraciones Reales
20, 21, Iteraciones Reales
20, 29, Iteraciones Reales
20, 21, Iteraciones Reales
20, 51, Iteraciones Reales
20, 27, Iteraciones Reales
20, 20, Iteraciones Reales
20, 33, Iteraciones Reales
20, 27, Iteraciones Reales
20, 25, Iteraciones Reales
20, 26, Iteraciones Reales
20, 23, Iteraciones Reales
20, 43, Iteraciones Reales
20, 45, Iteraciones Reales
20, 20, Iteraciones Reales
20, 21, Iteraciones Reales
20, 22, Iteraciones Reales
20, 34, Iteraciones Reales
20, 23, Iteraciones Reales
20, 32, Iteraciones Reales
20, 20, Iteraciones Reales
20, 66, Iteraciones Reales
20, 27, Iteraciones Reales
20, 53, Iteraciones Reales
20, 28, Iteraciones Reales
20, 37, Iteraciones Reales
20, 34, Iteraciones Reales
30, 30, Iteraciones Reales
30, 69, Iteraciones Reales
30, 39, Iteraciones Reales
30, 30, Iteraciones Reales
30, 48, Iteraciones Reales
30, 47, Iteraciones Reales
30, 53, Iteraciones Reales
30, 53, Iteraciones Reales
30, 72, Iteraciones Reales
30, 31, Iteraciones Reales
30, 34, Iteraciones Reales
30, 32, Iteraciones Reales
30, 44, Iteraciones Reales
30, 46, Iteraciones Reales
30, 70, Iteraciones Reales
30, 53, Iteraciones Reales
30, 54, Iteraciones Reales
30, 77, Iteraciones Reales
30, 55, Iteraciones Reales
30, 44, Iteraciones Reales
30, 60, Iteraciones Reales
30, 32, Iteraciones Reales
30, 32, Iteraciones Reales
30, 50, Iteraciones Reales
30, 63, Iteraciones Reales
30, 38, Iteraciones Reales
30, 66, Iteraciones Reales
30, 42, Iteraciones Reales
30, 53, Iteraciones Reales
30, 39, Iteraciones Reales
40, 43, Iteraciones Reales
40, 59, Iteraciones Reales
40, 52, Iteraciones Reales
40, 81, Iteraciones Reales
40, 46, Iteraciones Reales
40, 68, Iteraciones Reales
40, 48, Iteraciones Reales
40, 98, Iteraciones Reales
40, 42, Iteraciones Reales
40, 74, Iteraciones Reales
40, 103, Iteraciones Reales
40, 45, Iteraciones Reales
40, 54, Iteraciones Reales
40, 94, Iteraciones Reales
40, 98, Iteraciones Reales
40, 96, Iteraciones Reales
40, 83, Iteraciones Reales
40, 98, Iteraciones Reales
40, 93, Iteraciones Reales
40, 44, Iteraciones Reales
40, 95, Iteraciones Reales
40, 79, Iteraciones Reales
40, 41, Iteraciones Reales
40, 90, Iteraciones Reales
40, 72, Iteraciones Reales
40, 69, Iteraciones Reales
40, 70, Iteraciones Reales
40, 71, Iteraciones Reales
40, 49, Iteraciones Reales
40, 45, Iteraciones Reales
50, 118, Iteraciones Reales
50, 65, Iteraciones Reales
50, 58, Iteraciones Reales
50, 107, Iteraciones Reales
50, 134, Iteraciones Reales
50, 66, Iteraciones Reales
50, 67, Iteraciones Reales
50, 131, Iteraciones Reales
50, 53, Iteraciones Reales
50, 75, Iteraciones Reales
50, 100, Iteraciones Reales
50, 130, Iteraciones Reales
50, 53, Iteraciones Reales
50, 60, Iteraciones Reales
50, 113, Iteraciones Reales
50, 151, Iteraciones Reales
50, 110, Iteraciones Reales
50, 60, Iteraciones Reales
50, 72, Iteraciones Reales
50, 129, Iteraciones Reales
50, 109, Iteraciones Reales
50, 109, Iteraciones Reales
50, 119, Iteraciones Reales
50, 106, Iteraciones Reales
50, 52, Iteraciones Reales
50, 61, Iteraciones Reales
50, 76, Iteraciones Reales
50, 88, Iteraciones Reales
50, 86, Iteraciones Reales
50, 58, Iteraciones Reales
60, 135, Iteraciones Reales
60, 87, Iteraciones Reales
60, 75, Iteraciones Reales
60, 123, Iteraciones Reales
60, 111, Iteraciones Reales
60, 86, Iteraciones Reales
60, 79, Iteraciones Reales
60, 102, Iteraciones Reales
60, 90, Iteraciones Reales
60, 85, Iteraciones Reales
60, 86, Iteraciones Reales
60, 103, Iteraciones Reales
60, 64, Iteraciones Reales
60, 145, Iteraciones Reales
60, 70, Iteraciones Reales
60, 64, Iteraciones Reales
60, 154, Iteraciones Reales
60, 95, Iteraciones Reales
60, 125, Iteraciones Reales
60, 68, Iteraciones Reales
60, 123, Iteraciones Reales
60, 118, Iteraciones Reales
60, 75, Iteraciones Reales
60, 130, Iteraciones Reales
60, 189, Iteraciones Reales
60, 79, Iteraciones Reales
60, 104, Iteraciones Reales
60, 73, Iteraciones Reales
60, 126, Iteraciones Reales
60, 135, Iteraciones Reales
70, 119, Iteraciones Reales
70, 81, Iteraciones Reales
70, 157, Iteraciones Reales
70, 78, Iteraciones Reales
70, 99, Iteraciones Reales
70, 79, Iteraciones Reales
70, 98, Iteraciones Reales
70, 171, Iteraciones Reales
70, 88, Iteraciones Reales
70, 178, Iteraciones Reales
70, 80, Iteraciones Reales
70, 126, Iteraciones Reales
70, 72, Iteraciones Reales
70, 114, Iteraciones Reales
70, 104, Iteraciones Reales
70, 90, Iteraciones Reales
70, 121, Iteraciones Reales
70, 137, Iteraciones Reales
70, 96, Iteraciones Reales
70, 116, Iteraciones Reales
70, 102, Iteraciones Reales
70, 80, Iteraciones Reales
70, 79, Iteraciones Reales
70, 104, Iteraciones Reales
70, 129, Iteraciones Reales
70, 93, Iteraciones Reales
70, 104, Iteraciones Reales
70, 78, Iteraciones Reales
70, 80, Iteraciones Reales
70, 139, Iteraciones Reales
80, 85, Iteraciones Reales
80, 94, Iteraciones Reales
80, 210, Iteraciones Reales
80, 172, Iteraciones Reales
80, 150, Iteraciones Reales
80, 82, Iteraciones Reales
80, 107, Iteraciones Reales
80, 143, Iteraciones Reales
80, 146, Iteraciones Reales
80, 88, Iteraciones Reales
80, 184, Iteraciones Reales
80, 139, Iteraciones Reales
80, 118, Iteraciones Reales
80, 89, Iteraciones Reales
80, 145, Iteraciones Reales
80, 157, Iteraciones Reales
80, 82, Iteraciones Reales
80, 120, Iteraciones Reales
80, 96, Iteraciones Reales
80, 98, Iteraciones Reales
80, 141, Iteraciones Reales
80, 98, Iteraciones Reales
80, 189, Iteraciones Reales
80, 94, Iteraciones Reales
80, 150, Iteraciones Reales
80, 100, Iteraciones Reales
80, 86, Iteraciones Reales
80, 102, Iteraciones Reales
80, 104, Iteraciones Reales
80, 182, Iteraciones Reales
90, 195, Iteraciones Reales
90, 109, Iteraciones Reales
90, 157, Iteraciones Reales
90, 205, Iteraciones Reales
90, 93, Iteraciones Reales
90, 91, Iteraciones Reales
90, 160, Iteraciones Reales
90, 213, Iteraciones Reales
90, 155, Iteraciones Reales
90, 123, Iteraciones Reales
90, 175, Iteraciones Reales
90, 125, Iteraciones Reales
90, 163, Iteraciones Reales
90, 194, Iteraciones Reales
90, 284, Iteraciones Reales
90, 186, Iteraciones Reales
90, 151, Iteraciones Reales
90, 199, Iteraciones Reales
90, 242, Iteraciones Reales
90, 114, Iteraciones Reales
90, 230, Iteraciones Reales
90, 124, Iteraciones Reales
90, 114, Iteraciones Reales
90, 223, Iteraciones Reales
90, 125, Iteraciones Reales
90, 101, Iteraciones Reales
90, 95, Iteraciones Reales
90, 112, Iteraciones Reales
90, 132, Iteraciones Reales
90, 165, Iteraciones Reales
100, 101, Iteraciones Reales
100, 153, Iteraciones Reales
100, 250, Iteraciones Reales
100, 185, Iteraciones Reales
100, 108, Iteraciones Reales
100, 111, Iteraciones Reales
100, 168, Iteraciones Reales
100, 131, Iteraciones Reales
100, 128, Iteraciones Reales
100, 210, Iteraciones Reales
100, 144, Iteraciones Reales
100, 214, Iteraciones Reales
100, 193, Iteraciones Reales
100, 210, Iteraciones Reales
100, 241, Iteraciones Reales
100, 200, Iteraciones Reales
100, 142, Iteraciones Reales
100, 254, Iteraciones Reales
100, 127, Iteraciones Reales
100, 211, Iteraciones Reales
100, 113, Iteraciones Reales
100, 155, Iteraciones Reales
100, 105, Iteraciones Reales
100, 165, Iteraciones Reales
100, 186, Iteraciones Reales
100, 183, Iteraciones Reales
100, 140, Iteraciones Reales
100, 130, Iteraciones Reales
100, 104, Iteraciones Reales
100, 195, Iteraciones Reales
110, 127, Iteraciones Reales
110, 194, Iteraciones Reales
110, 331, Iteraciones Reales
110, 137, Iteraciones Reales
110, 182, Iteraciones Reales
110, 144, Iteraciones Reales
110, 382, Iteraciones Reales
110, 178, Iteraciones Reales
110, 268, Iteraciones Reales
110, 161, Iteraciones Reales
110, 208, Iteraciones Reales
110, 116, Iteraciones Reales
110, 180, Iteraciones Reales
110, 210, Iteraciones Reales
110, 222, Iteraciones Reales
110, 168, Iteraciones Reales
110, 366, Iteraciones Reales
110, 127, Iteraciones Reales
110, 302, Iteraciones Reales
110, 122, Iteraciones Reales
110, 202, Iteraciones Reales
110, 213, Iteraciones Reales
110, 146, Iteraciones Reales
110, 221, Iteraciones Reales
110, 116, Iteraciones Reales
110, 134, Iteraciones Reales
110, 228, Iteraciones Reales
110, 180, Iteraciones Reales
110, 151, Iteraciones Reales
110, 163, Iteraciones Reales
120, 275, Iteraciones Reales
120, 174, Iteraciones Reales
120, 303, Iteraciones Reales
120, 154, Iteraciones Reales
120, 319, Iteraciones Reales
120, 170, Iteraciones Reales
120, 263, Iteraciones Reales
120, 259, Iteraciones Reales
120, 357, Iteraciones Reales
120, 191, Iteraciones Reales
120, 409, Iteraciones Reales
120, 123, Iteraciones Reales
120, 370, Iteraciones Reales
120, 184, Iteraciones Reales
120, 208, Iteraciones Reales
120, 144, Iteraciones Reales
120, 147, Iteraciones Reales
120, 350, Iteraciones Reales
120, 218, Iteraciones Reales
120, 126, Iteraciones Reales
120, 154, Iteraciones Reales
120, 297, Iteraciones Reales
120, 221, Iteraciones Reales
120, 224, Iteraciones Reales
120, 224, Iteraciones Reales
120, 131, Iteraciones Reales
120, 298, Iteraciones Reales
120, 295, Iteraciones Reales
120, 159, Iteraciones Reales
120, 154, Iteraciones Reales
130, 179, Iteraciones Reales
130, 265, Iteraciones Reales
130, 325, Iteraciones Reales
130, 215, Iteraciones Reales
130, 310, Iteraciones Reales
130, 141, Iteraciones Reales
130, 192, Iteraciones Reales
130, 260, Iteraciones Reales
130, 188, Iteraciones Reales
130, 167, Iteraciones Reales
130, 405, Iteraciones Reales
130, 224, Iteraciones Reales
130, 154, Iteraciones Reales
130, 158, Iteraciones Reales
130, 131, Iteraciones Reales
130, 183, Iteraciones Reales
130, 164, Iteraciones Reales
130, 148, Iteraciones Reales
130, 160, Iteraciones Reales
130, 245, Iteraciones Reales
130, 197, Iteraciones Reales
130, 227, Iteraciones Reales
130, 375, Iteraciones Reales
130, 155, Iteraciones Reales
130, 169, Iteraciones Reales
130, 282, Iteraciones Reales
130, 156, Iteraciones Reales
130, 200, Iteraciones Reales
130, 210, Iteraciones Reales
130, 206, Iteraciones Reales
140, 194, Iteraciones Reales
140, 281, Iteraciones Reales
140, 240, Iteraciones Reales
140, 181, Iteraciones Reales
140, 178, Iteraciones Reales
140, 337, Iteraciones Reales
140, 158, Iteraciones Reales
140, 538, Iteraciones Reales
140, 152, Iteraciones Reales
140, 373, Iteraciones Reales
140, 187, Iteraciones Reales
140, 160, Iteraciones Reales
140, 222, Iteraciones Reales
140, 157, Iteraciones Reales
140, 437, Iteraciones Reales
140, 248, Iteraciones Reales
140, 275, Iteraciones Reales
140, 240, Iteraciones Reales
140, 174, Iteraciones Reales
140, 343, Iteraciones Reales
140, 149, Iteraciones Reales
140, 428, Iteraciones Reales
140, 366, Iteraciones Reales
140, 234, Iteraciones Reales
140, 262, Iteraciones Reales
140, 207, Iteraciones Reales
140, 189, Iteraciones Reales
140, 182, Iteraciones Reales
140, 302, Iteraciones Reales
140, 144, Iteraciones Reales
150, 175, Iteraciones Reales
150, 223, Iteraciones Reales
150, 379, Iteraciones Reales
150, 185, Iteraciones Reales
150, 445, Iteraciones Reales
150, 160, Iteraciones Reales
150, 190, Iteraciones Reales
150, 415, Iteraciones Reales
150, 166, Iteraciones Reales
150, 161, Iteraciones Reales
150, 267, Iteraciones Reales
150, 319, Iteraciones Reales
150, 338, Iteraciones Reales
150, 160, Iteraciones Reales
150, 182, Iteraciones Reales
150, 202, Iteraciones Reales
150, 356, Iteraciones Reales
150, 366, Iteraciones Reales
150, 213, Iteraciones Reales
150, 293, Iteraciones Reales
150, 156, Iteraciones Reales
150, 224, Iteraciones Reales
150, 199, Iteraciones Reales
150, 195, Iteraciones Reales
150, 159, Iteraciones Reales
150, 193, Iteraciones Reales
150, 192, Iteraciones Reales
150, 372, Iteraciones Reales
150, 264, Iteraciones Reales
150, 251, Iteraciones Reales
160, 223, Iteraciones Reales
160, 212, Iteraciones Reales
160, 182, Iteraciones Reales
160, 232, Iteraciones Reales
160, 386, Iteraciones Reales
160, 184, Iteraciones Reales
160, 291, Iteraciones Reales
160, 187, Iteraciones Reales
160, 196, Iteraciones Reales
160, 195, Iteraciones Reales
160, 218, Iteraciones Reales
160, 204, Iteraciones Reales
160, 344, Iteraciones Reales
160, 296, Iteraciones Reales
160, 316, Iteraciones Reales
160, 204, Iteraciones Reales
160, 271, Iteraciones Reales
160, 246, Iteraciones Reales
160, 184, Iteraciones Reales
160, 234, Iteraciones Reales
160, 202, Iteraciones Reales
160, 321, Iteraciones Reales
160, 471, Iteraciones Reales
160, 213, Iteraciones Reales
160, 289, Iteraciones Reales
160, 244, Iteraciones Reales
160, 236, Iteraciones Reales
160, 248, Iteraciones Reales
160, 234, Iteraciones Reales
160, 348, Iteraciones Reales
170, 210, Iteraciones Reales
170, 185, Iteraciones Reales
170, 305, Iteraciones Reales
170, 237, Iteraciones Reales
170, 199, Iteraciones Reales
170, 274, Iteraciones Reales
170, 184, Iteraciones Reales
170, 335, Iteraciones Reales
170, 415, Iteraciones Reales
170, 233, Iteraciones Reales
170, 174, Iteraciones Reales
170, 262, Iteraciones Reales
170, 407, Iteraciones Reales
170, 175, Iteraciones Reales
170, 450, Iteraciones Reales
170, 293, Iteraciones Reales
170, 314, Iteraciones Reales
170, 237, Iteraciones Reales
170, 282, Iteraciones Reales
170, 327, Iteraciones Reales
170, 190, Iteraciones Reales
170, 186, Iteraciones Reales
170, 638, Iteraciones Reales
170, 236, Iteraciones Reales
170, 271, Iteraciones Reales
170, 193, Iteraciones Reales
170, 407, Iteraciones Reales
170, 212, Iteraciones Reales
170, 245, Iteraciones Reales
170, 193, Iteraciones Reales
180, 211, Iteraciones Reales
180, 290, Iteraciones Reales
180, 235, Iteraciones Reales
180, 265, Iteraciones Reales
180, 249, Iteraciones Reales
180, 218, Iteraciones Reales
180, 239, Iteraciones Reales
180, 207, Iteraciones Reales
180, 333, Iteraciones Reales
180, 474, Iteraciones Reales
180, 646, Iteraciones Reales
180, 209, Iteraciones Reales
180, 309, Iteraciones Reales
180, 240, Iteraciones Reales
180, 255, Iteraciones Reales
180, 873, Iteraciones Reales
180, 304, Iteraciones Reales
180, 357, Iteraciones Reales
180, 249, Iteraciones Reales
180, 334, Iteraciones Reales
180, 208, Iteraciones Reales
180, 377, Iteraciones Reales
180, 301, Iteraciones Reales
180, 181, Iteraciones Reales
180, 286, Iteraciones Reales
180, 434, Iteraciones Reales
180, 181, Iteraciones Reales
180, 408, Iteraciones Reales
180, 379, Iteraciones Reales
180, 285, Iteraciones Reales
190, 227, Iteraciones Reales
190, 213, Iteraciones Reales
190, 211, Iteraciones Reales
190, 348, Iteraciones Reales
190, 361, Iteraciones Reales
190, 202, Iteraciones Reales
190, 265, Iteraciones Reales
190, 202, Iteraciones Reales
190, 309, Iteraciones Reales
190, 267, Iteraciones Reales
190, 254, Iteraciones Reales
190, 483, Iteraciones Reales
190, 323, Iteraciones Reales
190, 446, Iteraciones Reales
190, 221, Iteraciones Reales
190, 204, Iteraciones Reales
190, 210, Iteraciones Reales
190, 314, Iteraciones Reales
190, 421, Iteraciones Reales
190, 246, Iteraciones Reales
190, 200, Iteraciones Reales
190, 347, Iteraciones Reales
190, 207, Iteraciones Reales
190, 357, Iteraciones Reales
190, 203, Iteraciones Reales
190, 299, Iteraciones Reales
190, 495, Iteraciones Reales
190, 261, Iteraciones Reales
190, 313, Iteraciones Reales
190, 306, Iteraciones Reales
200, 613, Iteraciones Reales
200, 305, Iteraciones Reales
200, 239, Iteraciones Reales
200, 522, Iteraciones Reales
200, 218, Iteraciones Reales
200, 311, Iteraciones Reales
200, 329, Iteraciones Reales
200, 590, Iteraciones Reales
200, 448, Iteraciones Reales
200, 574, Iteraciones Reales
200, 696, Iteraciones Reales
200, 407, Iteraciones Reales
200, 327, Iteraciones Reales
200, 266, Iteraciones Reales
200, 314, Iteraciones Reales
200, 460, Iteraciones Reales
200, 348, Iteraciones Reales
200, 298, Iteraciones Reales
200, 339, Iteraciones Reales
200, 204, Iteraciones Reales
200, 448, Iteraciones Reales
200, 310, Iteraciones Reales
200, 205, Iteraciones Reales
200, 333, Iteraciones Reales
200, 337, Iteraciones Reales
200, 511, Iteraciones Reales
200, 479, Iteraciones Reales
200, 408, Iteraciones Reales
200, 365, Iteraciones Reales
200, 281, Iteraciones Reales
